scope,class,resource,url_or_route,useful_segment_or_scope,verification_status,note
PL1-PL8,AUTHORITATIVE_CURRENT,PL-300 Study Guide,https://learn.microsoft.com/en-us/credentials/certifications/resources/study-guides/pl-300,Skills measured as of Apr 20 2026; Prepare 25-30; Model 25-30; Visualize/Analyze 25-30; Manage/Secure 15-20,WEB_VERIFIED_2026-09-11,Official objective source; recheck before exam
PL6-PL8,AUTHORITATIVE_CURRENT,Microsoft Certification Practice Assessments,https://learn.microsoft.com/en-us/credentials/certifications/practice-assessments-for-microsoft-certifications,Free; PL-300 listed; rationales and score breakdown; repeatable,WEB_VERIFIED_2026-09-11,Diagnostic; not replacement for training/product experience
PL1-PL2,OPTIONAL_VIDEO,Prepare the Data - Exam Readiness,https://learn.microsoft.com/en-us/shows/exam-readiness-zone/preparing-for-pl-300-prepare-the-data,02:56 Prepare; 03:45 connect; 05:04 profile/clean; 05:53 transform/load; 10:09 recap,WEB_VERIFIED_2026-09-11,Preserved baseline video; current guide controls scope
PL3,OPTIONAL_VIDEO,Model the Data - Exam Readiness,https://learn.microsoft.com/en-us/shows/exam-readiness-zone/preparing-for-pl-300-model-the-data,00:15 Model; 00:53 semantic model; 01:54 DAX; 04:14 performance; 07:00 recap,WEB_VERIFIED_2026-09-11,Preserved baseline video
PL4,OPTIONAL_VIDEO,Visualize and Analyze - Exam Readiness,https://learn.microsoft.com/en-us/shows/exam-readiness-zone/preparing-for-pl-300-visualize-and-analyze-the-data,00:15 domain; 00:55 reports; 03:08 usability/storytelling; 07:39 patterns/trends; 13:02 recap,WEB_VERIFIED_2026-09-11,Preserved baseline video
PL5-PL8,OPTIONAL_VIDEO,Manage and Secure Power BI - Exam Readiness,https://learn.microsoft.com/en-us/shows/exam-readiness-zone/preparing-for-pl-300-manage-and-secure-power-bi,00:19 domain; 00:54 workspaces/items; 06:03 secure/govern; 08:36 recap,WEB_VERIFIED_2026-09-11,Preserved baseline video
CAP1-CAP14,INTERNAL_AUTHORITATIVE,Meridian integrated capstone,INTERNAL,Decision -> source/grain -> SQL/transform -> model/DAX -> analysis/report -> validation -> executive defense -> career evidence,STATIC_RC1,No solved capstone answer supplied
CAP11-CAP14,INTERNAL_AUTHORITATIVE,Senior/BI Interview + Promotion/Job-Switch evidence,INTERNAL,"Evidence-led defense, truth boundaries, capability matrix",STATIC_RC1,No employer/promotion guarantee
DE-READINESS,INTERNAL_OPTIONAL,C2A-to-DE readiness evidence,INTERNAL,Transfer-evidence summary only,STATIC_RC1,Does not override C2B/C3 entry contract
